{
  "openapi": "3.0.0",
  "info": {
    "title": "Record Management API",
    "version": "1.0.0",
    "description": "API to manage employee records"
  },
  "paths": {
    "/records/{id}": {
      "get": {
        "summary": "Get entry by ID",
        "description": "Fetches information of all records matching the provided IDs",
        "parameters": [
          {
            "name": "id",
            "in": "path",
            "required": true,
            "type": "integer",
            "description": "The ID of the entry"
          }
        ],
        "responses": {
          "200": {
            "description": "Success",
            "content": {
              "application/json": {
                "schema": {
                  "type": "array",
                  "items": {
                    "$ref": "#/components/schemas/Record"
                  }
                }
              }
            }
          },
          "400": {
            "description": "Bad request"
          }
        }
      }
    },
    "/records": {
      "post": {
        "summary": "Add a new entry",
        "requestBody": {
          "required": true,
          "content": {
            "application/json": {
              "schema": {
                "$ref": "#/components/schemas/NewRecord"
              }
            }
          },
          "responses": {
            "201": {
              "description": "Record added"
            },
            "400": {
              "description": "Bad request"
            }
          }
        }
      }
    }
  },
  "components": {
    "schemas": {
      "IdRequestBody": {
        "type": "object",
        "properties": {
          "id": {
            "type": "integer",
            "description": "ID of the record to fetch (numeric[5])",
            "minimum": 0,
            "maximum": 99999
          }
        },
        "required": [
          "id"
        ]
      },
      "Record": {
        "type": "object",
        "properties": {
          "id": {
            "type": "integer",
            "description": "ID of the record"
          },
          "first-name": {
            "type": "string",
            "description": "First name of the employee"
          },
          "last-name": {
            "type": "string",
            "description": "Last name of the employee"
          },
          "age": {
            "type": "integer",
            "description": "Age of the employee"
          },
          "salary": {
            "type": "integer",
            "description": "Salary of the employee"
          },
          "experience": {
            "type": "number",
            "format": "float",
            "description": "Experience of the employee in years"
          },
          "date-of-joining": {
            "type": "string",
            "format": "date",
            "description": "Date of joining of the employee (mmddyyyy)"
          }
        },
        "required": [
          "id"
        ]
      },
      "NewRecord": {
        "type": "object",
        "properties": {
          "id": {
            "type": "integer",
            "description": "ID of the record (numeric[5])",
            "minimum": 0,
            "maximum": 99999
          },
          "first-name": {
            "type": "string",
            "description": "First name of the employee (varchar[50])"
          },
          "last-name": {
            "type": "string",
            "description": "Last name of the employee (varchar[50])"
          },
          "age": {
            "type": "integer",
            "description": "Age of the employee (numeric[3])",
            "minimum": 0,
            "maximum": 999
          },
          "salary": {
            "type": "integer",
            "description": "Salary of the employee (numeric[6])",
            "minimum": 0,
            "maximum": 999999
          },
          "experience": {
            "type": "number",
            "format": "float",
            "description": "Experience of the employee in years (float[2.2])"
          },
          "date-of-joining": {
            "type": "string",
            "format": "date",
            "description": "Date of joining of the employee (mmddyyyy)"
          }
        },
        "required": [
          "id"
        ]
      }
    }
  }
}
